symbol,timestamp,open,high,low,close,volume,trade_count,vwap,20_day_ma
XTZ/USD,2024-07-20 05:00:00+00:00,0.8083055,0.814685,0.7889115,0.803475,253.322852521,2.0,0.8096795937,0.766822925
XTZ/USD,2024-07-21 05:00:00+00:00,0.80315,0.8101275,0.76794,0.796715,55.173069284,9.0,0.7996228527,0.7668196
XTZ/USD,2024-07-22 05:00:00+00:00,0.796106,0.796106,0.764085,0.76813,270.0,1.0,0.780085,0.7662271
XTZ/USD,2024-07-23 05:00:00+00:00,0.76719,0.7785375,0.7430895,0.7593535,233.190652736,13.0,0.7722516631,0.7667625250000001
XTZ/USD,2024-07-29 05:00:00+00:00,0.791533,0.79742,0.74955,0.759696,1111.790709552,23.0,0.7676506543,0.782967525
AVAX/USD,2024-07-01 05:00:00+00:00,29.7365,30.0785,28.45625,28.5315,41.395671983,11.0,29.4898253324,2.06077725
AVAX/USD,2024-07-02 05:00:00+00:00,28.5045,28.9335,27.8544,27.9459,37.779549394,5.0,28.3301018866,3.4223969249999997
AVAX/USD,2024-07-03 05:00:00+00:00,27.953,28.09515,25.4105,26.0315,117.48146461,10.0,26.8154451897,4.688352825
AVAX/USD,2024-07-04 05:00:00+00:00,26.02,27.2684088475,21.84555,22.7684,164.626958573,21.0,24.5498925684,5.792114
AVAX/USD,2024-07-05 05:00:00+00:00,22.7695,25.75,22.6527,25.17,135.768457269,18.0,24.2510689512,7.01638875
AVAX/USD,2024-07-06 05:00:00+00:00,25.1791,27.6005,25.14025,26.5755,132.127743303,14.0,25.6867950869,8.3153215
AVAX/USD,2024-07-07 05:00:00+00:00,26.5798,26.8855,24.5445,25.71795,165.652857663,12.0,25.8187759661,9.5692765
AVAX/USD,2024-07-08 05:00:00+00:00,25.72015,27.20125,24.705,25.45,82.150071038,11.0,25.8200039204,10.808582300000001
AVAX/USD,2024-07-09 05:00:00+00:00,25.4253,27.41325,25.1642,27.25635,30.809504083,8.0,25.9137181022,12.1382678
AVAX/USD,2024-07-10 05:00:00+00:00,27.2866,27.4091,25.15545,25.3555,62.934300182,6.0,26.2560551486,13.371465699999998
AVAX/USD,2024-07-11 05:00:00+00:00,25.358,27.4312034735,24.8365,25.30705,4.620364057,4.0,25.5884504695,14.60289195
AVAX/USD,2024-07-12 05:00:00+00:00,25.308,26.10275,24.8572,25.65535,17.508219044,4.0,25.0215783922,15.851439249999999
AVAX/USD,2024-07-13 05:00:00+00:00,25.64015,26.35,25.5435,26.03135,34.353240961,13.0,26.0718031464,17.119944775
AVAX/USD,2024-07-14 05:00:00+00:00,26.0375,27.1305,25.6242,26.824,35.664076443,10.0,26.3253034336,18.427749350000003
AVAX/USD,2024-07-15 05:00:00+00:00,26.83115,28.1235,26.6092,27.80615,87.161664987,18.0,26.9750062755,19.784026700000002
AVAX/USD,2024-07-16 05:00:00+00:00,27.8035,29.2558,26.465,28.9005,171.908632154,47.0,27.647331447,21.195949925
AVAX/USD,2024-07-17 05:00:00+00:00,28.929,28.96555,27.2227,27.5893,19.501939533,8.0,28.0732512347,22.543016650000002
AVAX/USD,2024-07-18 05:00:00+00:00,27.615,27.9378,26.59455,27.0975,60.505577307,13.0,27.2499726987,23.8656049
AVAX/USD,2024-07-19 05:00:00+00:00,27.065,28.4745,26.64895,28.4745,24.09234717,9.0,27.364986097,25.256895
AVAX/USD,2024-07-20 05:00:00+00:00,28.47,29.435,27.8153,29.0731,8.353393326,4.0,28.2642365489,26.67807
AVAX/USD,2024-07-21 05:00:00+00:00,29.081,32.995,28.5675,32.68775,46.208054073,21.0,31.4407940445,26.8858825
AVAX/USD,2024-07-22 05:00:00+00:00,32.68835,32.70555,31.33455,31.4863,16.034924048,8.0,32.2239920723,27.0629025
AVAX/USD,2024-07-23 05:00:00+00:00,31.4899,31.5379,28.6064,28.6337,452.988451965,63.0,30.7089698994,27.1930125
AVAX/USD,2024-07-24 05:00:00+00:00,28.60855,32.309942434,27.11695,27.5599,30.746122577,25.0,28.4835684917,27.4325875
AVAX/USD,2024-07-26 05:00:00+00:00,27.91875,28.85905,27.64,28.6035,129.858898951,27.0,28.0965511695,27.6715125
AVAX/USD,2024-07-27 05:00:00+00:00,28.63,29.5305,27.375,27.375,106.413712577,14.0,27.8409944838,27.754364999999996
AVAX/USD,2024-07-29 05:00:00+00:00,28.22465,29.0085,26.7494,27.2305,633.730424512,26.0,28.7452668632,27.8913075
BAT/USD,2024-07-20 05:00:00+00:00,0.202498,0.20597,0.19791,0.200501,0.0,0.0,0.0,0.184067975
BAT/USD,2024-07-21 05:00:00+00:00,0.2005365,0.2063195,0.1945165,0.200911,121.590455293,5.0,0.2015767098,0.18458565
BAT/USD,2024-07-22 05:00:00+00:00,0.20097,0.20097,0.1940045,0.1948,1172.587648095,17.0,0.1964837901,0.18496675
BAT/USD,2024-07-23 05:00:00+00:00,0.19477,0.1971975,0.1892909425,0.19245,20092.032639855,57.0,0.1914388395,0.18552675000000002
BAT/USD,2024-07-24 05:00:00+00:00,0.192369,0.208565,0.184845,0.18673,9713.746176722,38.0,0.1901002719,0.18708075
BAT/USD,2024-07-27 05:00:00+00:00,0.193424,0.1990965,0.193095,0.195559,3822.733758853,31.0,0.1950815713,0.19047180000000002
BAT/USD,2024-07-28 05:00:00+00:00,0.195631,0.19982,0.193871,0.1975005,261.177752408,10.0,0.1966101532,0.191771075
BAT/USD,2024-07-29 05:00:00+00:00,0.19756,0.1996425,0.190504,0.194459,1310.552727177,25.0,0.1939524653,0.1924959
BAT/USD,2024-07-30 05:00:00+00:00,0.19448,0.196545,0.190175,0.1934,252.145421823,9.0,0.1937254817,0.19317265
BCH/USD,2024-07-01 05:00:00+00:00,392.2255,393.387,382.1585,387.0585,0.138488824,4.0,389.6957573261,19.509330249999998
BCH/USD,2024-07-02 05:00:00+00:00,387.39,389.35,368.4355,373.495,1.614532608,8.0,379.9986079867,38.17466025
BCH/USD,2024-07-03 05:00:00+00:00,373.0885,376.265,351.638,362.871,10.445463242,2.0,373.4450859144,56.309163775
BCH/USD,2024-07-04 05:00:00+00:00,362.8275,363.3715,296.112,305.2145,156.946946745,15.0,347.0865125977,71.56135252499999
BCH/USD,2024-07-05 05:00:00+00:00,305.24,334.649,288.45,320.585,77.428907633,11.0,309.0070898551,87.5822548
BCH/USD,2024-07-06 05:00:00+00:00,320.216,343.8,319.8885,333.3365,67.718297285,6.0,341.3371566294,104.24189005000001
BCH/USD,2024-07-07 05:00:00+00:00,333.31,334.8005,298.86,314.1,5.050393821,5.0,332.6602912884,119.93902455
BCH/USD,2024-07-08 05:00:00+00:00,314.339,338.025,309.437,336.503,96.513690599,28.0,326.4360869305,136.7561933
BCH/USD,2024-07-09 05:00:00+00:00,336.0495,344.5965,327.3,343.935,7.513852166,3.0,338.6380305115,153.944931225
BCH/USD,2024-07-10 05:00:00+00:00,344.368,346.825,334.702,340.85,80.076998539,6.0,338.7068550439,170.979216475
BCH/USD,2024-07-11 05:00:00+00:00,341.35,368.2,322.6869011375,347.0,11.955926505,7.0,351.833545326,188.320966475
BCH/USD,2024-07-12 05:00:00+00:00,346.6555,382.6,344.6645,374.567,3.191972988,10.0,365.0019217892,207.040948975
BCH/USD,2024-07-13 05:00:00+00:00,374.5,382.915,369.906,382.4045,2.642912322,3.0,375.9802970383,226.15315647499997
BCH/USD,2024-07-14 05:00:00+00:00,382.41,390.575,364.345,385.57,2.042601892,5.0,383.2224538744,245.42353872500001
BCH/USD,2024-07-15 05:00:00+00:00,385.63,405.3425,382.1895,395.05,2.972409626,8.0,392.6004404338,265.167636325
BCH/USD,2024-07-16 05:00:00+00:00,394.606,399.1665,369.65,392.255,34.608419578,9.0,385.8294895153,284.772139075
BCH/USD,2024-07-17 05:00:00+00:00,392.328,393.215,371.45,379.31,6.57028912,4.0,376.1224912772,303.72954625
BCH/USD,2024-07-18 05:00:00+00:00,379.209,386.4,342.9130388575,377.849,1.093335005,5.0,375.49087151,322.613849
BCH/USD,2024-07-19 05:00:00+00:00,377.465,400.335,369.737,390.9615,6.15767466,5.0,383.8547419462,342.15385725
BCH/USD,2024-07-20 05:00:00+00:00,391.0,399.1,387.2105,394.265,0.050677707,3.0,393.4765635213,361.85902500000003
BCH/USD,2024-07-21 05:00:00+00:00,394.1165,404.54,378.4595,400.019,10.18100151,12.0,390.1636750287,362.50705000000005
BCH/USD,2024-07-22 05:00:00+00:00,399.617,399.617,377.762,377.762,14.784149299,27.0,387.5053476139,362.72040000000004
BCH/USD,2024-07-23 05:00:00+00:00,377.3805,385.3165,360.874,368.06,16.60842891,43.0,376.7228219403,362.97985000000006
BCH/USD,2024-07-24 05:00:00+00:00,367.7,376.197,349.1135,353.21,53.013071501,8.0,373.213364805,365.37962500000003
BCH/USD,2024-07-27 05:00:00+00:00,382.003,398.4365,380.199,394.7,22.622638545,10.0,386.414601963,374.2583
BCH/USD,2024-07-28 05:00:00+00:00,394.085,435.008,388.817,435.008,272.998386655,22.0,401.7254611351,379.18355
BCH/USD,2024-07-29 05:00:00+00:00,435.155,458.5365,380.192635835,435.0285,118.755872937,37.0,446.9577400214,383.738225
BCH/USD,2024-07-30 05:00:00+00:00,435.03,446.435,424.6965,426.84,0.650426483,3.0,434.9049994576,388.037725
BCH/USD,2024-07-31 05:00:00+00:00,426.8,432.845,408.15,409.455,1.29964087,15.0,422.2765492242,391.160475
BCH/USD,2024-08-01 05:00:00+00:00,409.406,423.345,389.47,406.654,2.673490331,25.0,401.8380735654,392.76482500000003
BCH/USD,2024-08-02 05:00:00+00:00,407.0485,417.2,368.635,379.855,4.740974276,3.0,389.5587003934,392.63735
DOGE/USD,2024-07-20 05:00:00+00:00,0.126112,0.135855,0.125331,0.1313665,285635.908556025,35.0,0.1326688504,0.1149078673
DOGE/USD,2024-07-21 05:00:00+00:00,0.1314,0.14363,0.125885,0.1411,258405.372208444,37.0,0.1323033974,0.11578286730000001
DOGE/USD,2024-07-22 05:00:00+00:00,0.141,0.14245,0.1347,0.135624,135303.72494925,47.0,0.1388269497,0.11648951730000001
DOGE/USD,2024-07-23 05:00:00+00:00,0.1355005,0.13653,0.1281805,0.1312625,4978.601276131,33.0,0.1323240319,0.11730051730000002
DOGE/USD,2024-07-24 05:00:00+00:00,0.13123,0.134815,0.121841,0.1242,35465.805511071,40.0,0.1245262742,0.1186915673
DOGE/USD,2024-07-25 05:00:00+00:00,0.124154,0.129603,0.120094,0.129125,91490.460578012,99.0,0.1241108988,0.11986056730000001
DOGE/USD,2024-07-26 05:00:00+00:00,0.129285,0.13499,0.1287675,0.1347185,65113.938710502,31.0,0.133502576,0.12109824229999999
DOGE/USD,2024-07-27 05:00:00+00:00,0.134818,0.138771,0.1289,0.1289,72255.19347146,12.0,0.1336324018,0.1223436
DOGE/USD,2024-07-28 05:00:00+00:00,0.12891,0.1347785,0.128135,0.133775,175841.439805516,16.0,0.1307341181,0.12362485000000001
DOGE/USD,2024-07-29 05:00:00+00:00,0.13393,0.1350795,0.127157073,0.1293995,64359.374101597,48.0,0.1312351039,0.12460912500000002
DOGE/USD,2024-07-30 05:00:00+00:00,0.1293505,0.13062,0.1232625,0.12431,242691.077274345,30.0,0.1266362179,0.125441625
ETH/USD,2024-07-01 05:00:00+00:00,3484.04,3494.1315,3422.519,3451.65,8.977776096,62.0,3474.0440904543,172.68153799
ETH/USD,2024-07-02 05:00:00+00:00,3452.03,3457.7085,3327.9695,3357.048,2.90035344,33.0,3405.2691475565,340.52800666499996
ETH/USD,2024-07-03 05:00:00+00:00,3356.6095,3367.75,3161.145,3235.855,22.304175078,188.0,3276.3050978619,502.31488391500005
ETH/USD,2024-07-04 05:00:00+00:00,3234.294,3234.294,2814.7325,2863.8865,63.553108703,115.0,3061.955951029,645.503588915
ETH/USD,2024-07-05 05:00:00+00:00,2866.965,3025.0705,2823.885,2964.945,24.883519653,133.0,2904.2520929382,793.7454665150001
ETH/USD,2024-07-06 05:00:00+00:00,2964.5615,3081.1955,2962.8,3031.0375,20.378930595,44.0,3012.3122853729,945.2927370150001
ETH/USD,2024-07-07 05:00:00+00:00,3031.6,3039.4765,2824.54,2915.0,35.963762338,50.0,2944.0626950659,1091.0378104075
ETH/USD,2024-07-08 05:00:00+00:00,2914.5515,3092.515,2892.8,3073.511,32.976351036,96.0,3028.5356525475,1244.7083991075
ETH/USD,2024-07-09 05:00:00+00:00,3069.5985,3129.5235,3025.75,3117.5955,55.140816912,59.0,3089.4071402105,1400.583226775
ETH/USD,2024-07-10 05:00:00+00:00,3118.125,3148.9935,3056.635,3083.95,40.112878642,60.0,3098.0621043588,1554.775514275
ETH/USD,2024-07-11 05:00:00+00:00,3082.884,3215.3285,3056.877,3085.4595,23.527653411,71.0,3115.184380138,1709.0433173000001
ETH/USD,2024-07-12 05:00:00+00:00,3085.6665,3158.25,3047.015,3117.305,14.252277264,45.0,3089.5714017352,1864.9031444500001
ETH/USD,2024-07-13 05:00:00+00:00,3115.605,3201.6995,3115.605,3193.16,8.772512643,20.0,3158.0450059822,2024.5560566
ETH/USD,2024-07-14 05:00:00+00:00,3195.65,3342.5135,3176.193,3336.63,20.569607361,27.0,3224.5401553112,2191.3823249250004
ETH/USD,2024-07-15 05:00:00+00:00,3340.05,3499.841,3330.229,3462.47,23.241828813,74.0,3383.7017349961,2364.500533175
ETH/USD,2024-07-16 05:00:00+00:00,3462.255,3518.104,3350.0755,3494.7205,42.65092432,83.0,3417.6243270494,2539.231419175
ETH/USD,2024-07-17 05:00:00+00:00,3497.9215,3516.13,3378.3945,3418.0515,41.232371903,58.0,3438.5988225643,2710.12892325
ETH/USD,2024-07-18 05:00:00+00:00,3416.7,3488.9785,3370.137,3424.325,32.817471366,53.0,3424.7624604663,2881.3401277499997
ETH/USD,2024-07-19 05:00:00+00:00,3419.6335,3541.6565,3377.585,3509.4515,16.425836497,51.0,3478.3731112823,3056.8075949999998
ETH/USD,2024-07-20 05:00:00+00:00,3507.599,3540.494,3483.035,3506.8315,4.256965772,25.0,3506.5829602845,3232.14415
ETH/USD,2024-07-21 05:00:00+00:00,3505.34,3562.811,3414.165,3516.6,22.207753651,47.0,3505.1280074246,3235.39165
ETH/USD,2024-07-22 05:00:00+00:00,3517.1,3517.1,3426.2515,3458.55,11.024795633,49.0,3479.5679881973,3240.46675
ETH/USD,2024-07-23 05:00:00+00:00,3458.244,3540.8455,3393.4865,3442.27,12.000197633,68.0,3474.1778971471,3250.7875
ETH/USD,2024-07-24 05:00:00+00:00,3442.43,3472.74,3134.75,3183.963,38.635577818,75.0,3275.3226941666,3266.791325
ETH/USD,2024-07-29 05:00:00+00:00,3343.233,3395.48,3257.405,3315.025,39.023069981,70.0,3356.5707204761,3331.0066500000003
AAVE/USD,2024-07-20 05:00:00+00:00,100.3915,100.63,98.55,98.798,2.302021206,1.0,100.6,92.3111325
AAVE/USD,2024-07-21 05:00:00+00:00,98.775,100.1745,94.40915,96.5903,3.256821354,12.0,96.4957800814,92.2563475
AAVE/USD,2024-07-22 05:00:00+00:00,96.5885,96.65,93.37305,93.7425,1.04,2.0,95.0483269231,92.4930425
AAVE/USD,2024-07-23 05:00:00+00:00,93.713,96.3265,91.6566,93.247,8.600378481,22.0,94.1012228892,92.87419249999999
AAVE/USD,2024-07-26 05:00:00+00:00,102.507,103.165,96.9321,98.6005,3.507179336,18.0,99.0087851851,95.51419250000001
AAVE/USD,2024-07-27 05:00:00+00:00,98.5216,102.968,98.33365,100.195,3.355392867,12.0,100.9975773474,96.5431925
AAVE/USD,2024-07-28 05:00:00+00:00,100.16,103.385,97.9615,101.036,0.553693632,7.0,98.278050175,97.4617925
AAVE/USD,2024-07-29 05:00:00+00:00,101.053,106.4055,100.32,104.145,2.171685331,15.0,105.0773894551,98.30566999999999
AAVE/USD,2024-07-30 05:00:00+00:00,104.1655,107.6542821155,102.575,105.04,5.0,1.0,105.36,99.11456000000001
AAVE/USD,2024-07-31 05:00:00+00:00,105.053,112.32,103.695,103.846,2.979934937,17.0,108.7534583246,99.6137925
AAVE/USD,2024-08-01 05:00:00+00:00,103.842,117.4095,103.6275,116.3435,21.68765291,6.0,106.0579594192,100.5820575
AAVE/USD,2024-08-02 05:00:00+00:00,116.32,117.858,105.852,109.262,3.432908386,13.0,114.7303623081,100.9449075
AAVE/USD,2024-08-03 05:00:00+00:00,109.365,116.8,102.554,105.85,21.410047192,26.0,106.0779176682,101.0436575
AAVE/USD,2024-08-04 05:00:00+00:00,105.945,111.9295,83.3041,84.738,127.905860045,8.0,97.7478035065,100.0877825
AAVE/USD,2024-08-06 05:00:00+00:00,102.731,107.987,97.36225,105.324,111.679857837,9.0,104.8830430984,100.467165
AAVE/USD,2024-08-07 05:00:00+00:00,105.22,105.35,96.68535,101.266,49.0,2.0,101.1605499388,100.590715
AAVE/USD,2024-08-08 05:00:00+00:00,101.3,102.55,95.27,97.41875,153.814994817,16.0,97.8789697103,100.4401025
AAVE/USD,2024-08-15 05:00:00+00:00,106.6535,111.93,104.1835,110.56,3.788538504,17.0,107.4033376373,101.5691175
AAVE/USD,2024-08-16 05:00:00+00:00,110.4925,114.7725,105.7435,113.316,7.985595246,30.0,111.2766425113,102.2251675
AAVE/USD,2024-08-17 05:00:00+00:00,113.3,116.51,109.5515,111.339,2.690084761,14.0,111.3894511492,102.74031749999999
AAVE/USD,2024-08-18 05:00:00+00:00,111.3155,113.325,109.3675,113.085,0.039399783,5.0,110.9611877397,103.18731749999999
BTC/USD,2024-07-01 05:00:00+00:00,63239.2165,63800.91,62465.75,63008.003,2.412273334,107.0,63093.6789969285,3248.3354675
BTC/USD,2024-07-02 05:00:00+00:00,62970.1,63055.1,60587.945,60784.5915,1.287656865,98.0,61708.5769249073,6282.372742500001
BTC/USD,2024-07-03 05:00:00+00:00,60780.62,61091.3,57881.449,58946.854,2.693326148,233.0,59627.6716306242,9223.8982675
BTC/USD,2024-07-04 05:00:00+00:00,58950.878,59035.45,53533.05,53899.8305,4.698869739,272.0,56806.8153858409,11913.426692500001
BTC/USD,2024-07-05 05:00:00+00:00,53875.3225,57031.4135,53809.37,56106.38,22.647476205,267.0,54093.4433016979,14713.4531925
BTC/USD,2024-07-06 05:00:00+00:00,56056.7705,58470.9255,56056.7705,57644.79,1.457207672,104.0,57072.4874686971,17591.4557925
BTC/USD,2024-07-07 05:00:00+00:00,57641.6625,57916.2445,54299.967,55505.8285,2.295876911,90.0,56020.1933365752,20361.6039675
BTC/USD,2024-07-08 05:00:00+00:00,55454.2,58178.91,54944.1635,57332.46,2.323120024,186.0,56522.8609039331,23222.960767499997
BTC/USD,2024-07-09 05:00:00+00:00,57272.65,59410.0,56947.909,59325.735,19.601861578,230.0,59103.9590192637,26184.1842175
BTC/USD,2024-07-10 05:00:00+00:00,59324.72,59428.7354143575,57104.962,57751.5,5.625180124,213.0,57805.8490865526,29066.888280000003
BTC/USD,2024-07-11 05:00:00+00:00,57785.078,59494.845,56584.3911910665,57043.675,1.219177194,106.0,57897.371610419,31914.308674999997
BTC/USD,2024-07-12 05:00:00+00:00,57062.545,58535.406,56799.822,57806.581,0.546373506,82.0,57586.4358372359,34799.8895075
BTC/USD,2024-07-13 05:00:00+00:00,57846.95,60086.5515,57833.96,60030.15,1.469371937,73.0,59010.7838685279,37796.788492499996
BTC/USD,2024-07-14 05:00:00+00:00,60036.007,62842.15,59505.363,62661.585,1.118384538,95.0,60582.3866827014,40925.015524999995
BTC/USD,2024-07-15 05:00:00+00:00,62602.1825,65016.8,62345.115,64549.39,4.076007674,168.0,63448.8103662315,44147.620149999995
BTC/USD,2024-07-16 05:00:00+00:00,64544.455,66148.32,62401.1245,65875.0125,6.07184273,218.0,64348.8564550406,47436.033299999996
BTC/USD,2024-07-17 05:00:00+00:00,65874.3475,66013.161,63900.695,64581.1125,3.95775034,156.0,64877.7877676101,50659.560925
BTC/USD,2024-07-18 05:00:00+00:00,64625.4,65109.261,63274.07,64159.515,3.193097895,117.0,64528.2087499922,53861.870875
BTC/USD,2024-07-19 05:00:00+00:00,64133.85,67453.25,63416.065,66703.71,3.320582179,152.0,66512.3388131007,57191.489425
BTC/USD,2024-07-20 05:00:00+00:00,66687.6885,67598.8144483625,66337.495,67070.636,0.676400213,113.0,67302.9785941588,60539.366975
BTC/USD,2024-07-21 05:00:00+00:00,67054.097,68476.53,65852.2245,67944.075,0.778118584,121.0,67475.3050572323,60786.17057500001
BTC/USD,2024-07-22 05:00:00+00:00,67949.6935,68308.35,66603.3945,67011.766,1.38465101,146.0,67595.3028586962,61097.52930000001
BTC/USD,2024-07-23 05:00:00+00:00,66949.375,67344.4685,65502.98,65886.241,1.532641116,119.0,66356.2907893837,61444.49865
BTC/USD,2024-07-24 05:00:00+00:00,65856.558,67123.968,63807.865,64235.237,0.801684924,113.0,66119.3289750103,61961.268975
BTC/USD,2024-07-25 05:00:00+00:00,64172.9505,67468.8125,63440.855,67032.34,10.788021711,543.0,64888.7451197948,62507.566975
BTC/USD,2024-07-26 05:00:00+00:00,67101.645,68223.224,66868.29,67899.5105,1.836068108,105.0,67477.1540534617,63020.303
BTC/USD,2024-07-27 05:00:00+00:00,67894.857,69396.49,66669.635,67413.438,3.401541913,153.0,68368.9953633575,63615.683475000005
BTC/USD,2024-07-28 05:00:00+00:00,67324.2835,69732.6591939545,67082.38,69384.7,5.759094789,105.0,69161.6244766553,64218.295475000006
BTC/USD,2024-07-29 05:00:00+00:00,69366.8145,70015.69,65870.85,66751.889,2.09396818,173.0,68923.4606670104,64589.603175
BTC/USD,2024-07-30 05:00:00+00:00,66764.355,66995.324,65307.225,65832.98,1.902087291,122.0,66114.3949419432,64993.677175
BTC/USD,2024-07-31 05:00:00+00:00,65762.1135,66808.8585,63638.9643920595,63675.127,2.295904251,119.0,65165.1414255386,65325.249775
GRT/USD,2024-07-20 05:00:00+00:00,0.216525,0.22415,0.2131505,0.2188505,550.937298509,4.0,0.2165365053,0.19471515
GRT/USD,2024-07-21 05:00:00+00:00,0.21872,0.221995,0.209653,0.2154185,728.350584932,24.0,0.2165408567,0.19505715
GRT/USD,2024-07-22 05:00:00+00:00,0.2153,0.2154595,0.2045885,0.205385,41275.970334908,19.0,0.2094495818,0.19510315
GRT/USD,2024-07-23 05:00:00+00:00,0.20505,0.2087185,0.195609,0.1982015,11089.786327148,59.0,0.1981708796,0.195487075
GRT/USD,2024-07-24 05:00:00+00:00,0.19795,0.203808,0.1833001475,0.18693,182086.127707202,226.0,0.1888992006,0.196815825
USDT/USD,2024-07-01 05:00:00+00:00,0.999069,0.99925,0.9979,0.998865,1.6e-08,1.0,0.9979,0.18748185
USDT/USD,2024-07-02 05:00:00+00:00,0.998894,0.999688,0.99744,0.998355,2496.081814858,7.0,0.9975524015,0.2286278
USDT/USD,2024-07-03 05:00:00+00:00,0.99855,0.9996,0.99716,0.9989765,4381.962296825,128.0,0.9987580736,0.269843925
USDT/USD,2024-07-04 05:00:00+00:00,0.9990805,1.00052,0.99816,0.9995845,1821.860383646,6.0,0.9998782959,0.311698875
USDT/USD,2024-07-05 05:00:00+00:00,0.999566,1.0006,0.998,1.000001,13506.048962293,8.0,0.9985189629,0.35393002500000004
USDT/USD,2024-07-06 05:00:00+00:00,1.0001615,1.00048,0.998822,0.999931,12017.207612302,8.0,0.999241886,0.397719775
USDT/USD,2024-07-07 05:00:00+00:00,0.999886,1.00035,0.99891,0.99964,3.585540892,1.0,0.99891,0.44083767500000004
USDT/USD,2024-07-08 05:00:00+00:00,1.00007,1.000375,0.9987,0.999117,306.0,1.0,0.99874,0.483734525
USDT/USD,2024-07-09 05:00:00+00:00,0.99915,0.99955,0.998902,0.9993765,2501.104250279,4.0,0.9991520372,0.5270124999999999
USDT/USD,2024-07-10 05:00:00+00:00,0.99935,0.999568,0.998528,0.99922,992.004791779,2.0,0.9985283501,0.569863075
USDT/USD,2024-07-11 05:00:00+00:00,0.9992,0.99955,0.99902,0.999415,257.486796529,2.0,0.9990674059,0.612778825
USDT/USD,2024-07-12 05:00:00+00:00,0.9992,1.00075,0.99884,1.00018,5296.446282,4.0,0.9995574622,0.6554718
USDT/USD,2024-07-13 05:00:00+00:00,1.00015,1.001,0.999963,1.000495,0.0,0.0,0.0,0.6986316
USDT/USD,2024-07-14 05:00:00+00:00,1.000755,1.00111,1.0,1.000565,5.18338676,3.0,1.000209714,0.741580875
USDT/USD,2024-07-15 05:00:00+00:00,1.00065,1.0013,1.0004,1.0008,3.271398507,2.0,1.0006,0.7843692250000001
USDT/USD,2024-07-16 05:00:00+00:00,1.000955,1.0015,0.9999865,1.00046,343.293265983,2.0,1.0014239717,0.8272547250000001
USDT/USD,2024-07-17 05:00:00+00:00,1.00025,1.001,0.998745,0.9998855,291.797260619,3.0,1.0006624839,0.8704033499999999
USDT/USD,2024-07-18 05:00:00+00:00,0.99992,1.00043,0.99884,1.00003,3724.0,2.0,0.9989165395,0.91356915
USDT/USD,2024-07-19 05:00:00+00:00,0.999685,1.000965,0.998748,1.00053,3212.10467587,3.0,0.9996710241,0.956745275
USDT/USD,2024-07-20 05:00:00+00:00,1.0003,1.001,1.00003,1.000452,0.0,0.0,0.0,0.9997939499999999
USDT/USD,2024-07-21 05:00:00+00:00,1.000725,1.00139,0.9998,1.000219,46.17295373,10.0,1.001012154,0.9998616499999999
USDT/USD,2024-07-22 05:00:00+00:00,1.0001735,1.000885,0.99894,1.000255,245.0,1.0,0.99894,0.9999566499999999
USDT/USD,2024-07-23 05:00:00+00:00,1.000301,1.00134,0.999001,1.00011,531.979768629,15.0,1.000128221,1.0000133249999998
USDT/USD,2024-07-26 05:00:00+00:00,1.00012,1.0009,0.998778,1.000377,36.16821233,8.0,0.9991693416,1.0000395249999998
USDT/USD,2024-07-27 05:00:00+00:00,1.000215,1.00136,0.999,1.000045,25.908792601,13.0,1.0005935075,1.000059775
USDT/USD,2024-08-05 05:00:00+00:00,1.0000575,1.003,0.998365,1.00085,16037.275209256,10.0,0.9996500436,0.999976075
USDT/USD,2024-08-06 05:00:00+00:00,1.00115,1.00115,1.0003,1.00065,1225.558506,5.0,1.0010989827,1.0000143000000001
USDT/USD,2024-08-07 05:00:00+00:00,1.0009,1.0015,1.0003,1.0006,197.009417246,2.0,1.000580247,1.0000428
USDT/USD,2024-08-08 05:00:00+00:00,1.00065,1.00115,0.999545,0.99998,1363.025439,1.0,1.0003,1.0000153
USDT/USD,2024-08-10 05:00:00+00:00,1.000725,1.00132,0.99995,1.000195,316.066204374,1.0,1.00132,1.0000197
USDT/USD,2024-08-11 05:00:00+00:00,1.0003,1.00157,0.99984,1.000105,99.234508657,2.0,1.0015574236,1.0000122
USDT/USD,2024-08-12 05:00:00+00:00,1.0002615,1.0008,0.998954,1.00015,2280.000194031,3.0,0.9992290526,1.0000142
USDT/USD,2024-08-13 05:00:00+00:00,1.00014,1.00159,0.99995,1.000795,52.091000325,2.0,1.0011401553,1.00005945
USDT/USD,2024-08-14 05:00:00+00:00,1.0005,1.001,1.0,1.00043,2260.773082907,3.0,1.0,1.000092275
USDT/USD,2024-08-15 05:00:00+00:00,1.000415,1.0014,0.99873,1.0002155,700.695829327,7.0,0.9994539443,1.0000842
USDT/USD,2024-08-16 05:00:00+00:00,1.000099,1.00124,0.999865,1.0003,63.646568451,1.0,1.00124,1.00009695
USDT/USD,2024-08-17 05:00:00+00:00,1.000465,1.0013,0.999007,1.0002085,50.310478637,4.0,1.0007709833,1.000114875
YFI/USD,2024-07-01 05:00:00+00:00,6328.868,6643.9195,6300.635,6581.75,0.0,0.0,0.0,330.03764087499997
YFI/USD,2024-07-02 05:00:00+00:00,6581.2555,6916.9205,6523.615,6764.375,0.004540891,3.0,6580.3683783128,668.206406875
YFI/USD,2024-07-03 05:00:00+00:00,6757.715,6789.015,6175.795,6376.8,0.0,0.0,0.0,986.996449375
YFI/USD,2024-07-04 05:00:00+00:00,6369.4615,6417.92,5296.765,5480.1875,0.1761795,2.0,5979.1605131414,1260.95587965
YFI/USD,2024-07-05 05:00:00+00:00,5486.2525,6387.2305,5349.59,6130.2585,0.0,0.0,0.0,1567.41882965
YFI/USD,2024-07-06 05:00:00+00:00,6130.98,6303.65,6037.85,6053.8995,0.0,0.0,0.0,1870.0637978999998
YFI/USD,2024-07-07 05:00:00+00:00,6054.08,6118.865,5446.0215,5626.4535,0.016297437,2.0,5760.2644102567,2151.3364304
YFI/USD,2024-07-08 05:00:00+00:00,5631.205,5840.577,5454.14,5783.806,0.0,0.0,0.0,2440.4766979
YFI/USD,2024-07-09 05:00:00+00:00,5778.82,5945.5075,5737.955,5870.845,0.0,0.0,0.0,2733.9689179
YFI/USD,2024-07-10 05:00:00+00:00,5877.665,5963.0595,5730.035,5781.836,0.0,0.0,0.0,3023.0107189
YFI/USD,2024-07-11 05:00:00+00:00,5774.73,5915.889,5682.2,5752.348,0.0,0.0,0.0,3310.5780907
YFI/USD,2024-07-12 05:00:00+00:00,5751.945,5840.34,5683.6795,5797.27,0.0,0.0,0.0,3600.3915809500004
YFI/USD,2024-07-13 05:00:00+00:00,5789.234,5890.125,5737.7505,5865.175,0.0,0.0,0.0,3893.6003257
YFI/USD,2024-07-14 05:00:00+00:00,5866.412,6043.39,5761.2155,5980.1,0.0,0.0,0.0,4192.555318199999
YFI/USD,2024-07-15 05:00:00+00:00,5979.4355,6195.57,5928.15,6060.974,0.0,0.0,0.0,4495.55397845
YFI/USD,2024-07-16 05:00:00+00:00,6060.7095,6162.447,5829.337,6104.5515,0.0,0.0,0.0,4800.731531949999
YFI/USD,2024-07-17 05:00:00+00:00,6111.155,6193.0095,5943.939,6110.039,0.0,0.0,0.0,5106.183471175
YFI/USD,2024-07-18 05:00:00+00:00,6117.66,6156.655,5711.45,5821.74,0.0,0.0,0.0,5397.2204561749995
YFI/USD,2024-07-19 05:00:00+00:00,5815.643,5990.65,5744.1645,5990.65,0.0,0.0,0.0,5696.70294575
YFI/USD,2024-07-22 05:00:00+00:00,5961.013,5961.013,5795.3,5811.55,0.0,0.0,0.0,5914.211175
CRV/USD,2024-07-20 05:00:00+00:00,0.2964725,0.298202,0.288285,0.288727,427.072005272,2.0,0.297134722,0.277506975
CRV/USD,2024-07-21 05:00:00+00:00,0.28837,0.29218,0.27355,0.2872245,153.077358683,8.0,0.2856832173,0.27767569999999997
CRV/USD,2024-07-22 05:00:00+00:00,0.287257,0.287257,0.2682215,0.2745745,0.0,0.0,0.0,0.277608925
CRV/USD,2024-08-02 05:00:00+00:00,0.2830675,0.2905175,0.261131,0.28248,17.7867001,1.0,0.27353,0.275758
CRV/USD,2024-08-03 05:00:00+00:00,0.28213,0.28871,0.24585,0.252639,141.504632947,17.0,0.2550071923,0.27389745000000004
CRV/USD,2024-08-11 05:00:00+00:00,0.258355,0.2725,0.2440515,0.269195,1415.286437643,5.0,0.2569731148,0.25580060000000004
CRV/USD,2024-08-12 05:00:00+00:00,0.2696295,0.319295,0.267707,0.304925,23016.924302793,14.0,0.297276413,0.25781930000000003
CRV/USD,2024-08-13 05:00:00+00:00,0.304801,0.3256275,0.3015905,0.31239,1191.364917593,4.0,0.3094563593,0.26060265
CRV/USD,2024-08-14 05:00:00+00:00,0.31246,0.32798,0.294579,0.326006,299.196014299,4.0,0.3128025461,0.26381825000000003
CRV/USD,2024-08-15 05:00:00+00:00,0.3255,0.327915,0.3039055,0.317961,292.231697995,6.0,0.3099127507,0.26636265
CRV/USD,2024-08-16 05:00:00+00:00,0.31772,0.33831,0.2967845,0.3223005,870.199354163,7.0,0.3074146927,0.269214075
CRV/USD,2024-08-17 05:00:00+00:00,0.322282,0.322345,0.3079175,0.31045,2499.000713551,6.0,0.3156295591,0.271455125
CRV/USD,2024-08-18 05:00:00+00:00,0.3104515,0.327093,0.3029225,0.3038155,30.30496609,1.0,0.313,0.27352102500000003
LTC/USD,2024-07-01 05:00:00+00:00,74.9935,75.3775,74.10585,74.5819,46.598976192,10.0,74.5439239857,3.9898875250000003
LTC/USD,2024-07-02 05:00:00+00:00,74.62405,76.0865,74.4437,75.12275,10.711081413,10.0,75.1221980067,7.7332463250000005
LTC/USD,2024-07-03 05:00:00+00:00,75.1546,76.071779037,68.9215,70.704,2.143293633,9.0,74.0520834423,11.254272825000001
LTC/USD,2024-07-04 05:00:00+00:00,70.626,70.64205,57.1305,59.2248,990.895367572,46.0,69.5030306281,14.201388824999999
LTC/USD,2024-07-05 05:00:00+00:00,59.3072,67.0637723365,57.358,61.57875,75.818772937,26.0,59.238382875,17.267694374999998
LTC/USD,2024-07-06 05:00:00+00:00,61.52,65.675,61.52,64.43655,63.970298803,15.0,62.9349327538,20.478914375
LTC/USD,2024-07-07 05:00:00+00:00,64.4326,64.977,59.225,62.43525,45.118405985,12.0,62.4665922218,23.589539124999998
LTC/USD,2024-07-08 05:00:00+00:00,62.44435,66.9395,62.1533,65.3955,27.162354196,17.0,64.1526232542,26.847243900000002
LTC/USD,2024-07-09 05:00:00+00:00,65.325,66.3,64.53865,66.0004,13.963484558,8.0,65.2129394373,30.13535565
LTC/USD,2024-07-10 05:00:00+00:00,66.007,67.5435,65.442,67.245,12.922309079,5.0,66.7840076471,33.4851224
LTC/USD,2024-07-11 05:00:00+00:00,67.3086,69.78205024,66.802,68.2115,17.77896569,9.0,68.4799208447,36.88309215
LTC/USD,2024-07-12 05:00:00+00:00,68.27635,69.986,67.8175,69.4715,24.812584969,8.0,68.9918538978,40.34374715
LTC/USD,2024-07-13 05:00:00+00:00,69.48,70.675,69.4,70.07105,3.742819464,4.0,70.2421966173,43.8338399
LTC/USD,2024-07-14 05:00:00+00:00,70.06,71.10415,69.271,70.605,7.044401339,11.0,69.6748233271,47.348843650000006
LTC/USD,2024-07-15 05:00:00+00:00,70.5325,78.3249370275,69.71565,72.95055,77.756701518,11.0,70.4745379553,50.980751649999995
LTC/USD,2024-07-16 05:00:00+00:00,72.9392,74.27275,70.4,73.7828,9.137921149,7.0,73.2840617573,54.65359135
LTC/USD,2024-07-17 05:00:00+00:00,73.79405,73.8468,71.1502,71.909,28.041279344,14.0,72.473498029,58.233143299999995
LTC/USD,2024-07-18 05:00:00+00:00,71.90775,72.92165,70.5307320095,71.471,7.284256746,11.0,71.9421320253,61.790578274999994
LTC/USD,2024-07-19 05:00:00+00:00,71.413,74.12875,69.7045,73.173,82.398942269,14.0,70.8583102857,65.43370577499999
LTC/USD,2024-07-20 05:00:00+00:00,73.1021,73.9236,72.3633,73.158,119.299653707,8.0,73.6055177792,69.076415
LTC/USD,2024-07-21 05:00:00+00:00,73.1461,74.59505,71.295,73.67,3.79916666,10.0,72.9627346005,69.03082
LTC/USD,2024-07-22 05:00:00+00:00,73.6815,74.57795,70.8669175,71.514,89.919562673,29.0,73.4209778366,68.8503825
LTC/USD,2024-07-23 05:00:00+00:00,71.44085,73.3395,70.4585,72.19405,96.456273877,21.0,71.5757582505,68.924885
LTC/USD,2024-07-24 05:00:00+00:00,72.19215,73.66,68.22875,69.46235,8.823778811,31.0,70.2543114765,69.43676250000001
LTC/USD,2024-07-26 05:00:00+00:00,70.90205,71.68895,70.5798,71.2969,1.830597232,4.0,71.4510733615,70.241755
LTC/USD,2024-07-27 05:00:00+00:00,71.3807,72.346,70.3035,70.806,1.391013372,11.0,71.4739039364,70.6602925
LTC/USD,2024-07-29 05:00:00+00:00,73.396,76.748,72.95365,73.84,369.683673907,41.0,75.7791332179,71.44776750000001
LTC/USD,2024-07-30 05:00:00+00:00,73.8444,74.045,71.113,71.8215,21.127405462,17.0,71.9752313736,71.6765925
LTC/USD,2024-08-15 05:00:00+00:00,64.806,66.92,63.62,66.0105,39.263859586,12.0,65.0798365026,64.370975
LTC/USD,2024-08-16 05:00:00+00:00,65.9385,66.7846,64.33075,66.3395,18.587799155,18.0,66.5372393443,64.14765
LTC/USD,2024-08-17 05:00:00+00:00,66.328,67.903,66.12265,67.555,5.321148149,14.0,67.5956442824,63.860130000000005
LTC/USD,2024-08-18 05:00:00+00:00,67.625,68.129,66.049,66.42865,0.852396701,6.0,67.0753998507,63.4895625
MKR/USD,2024-07-01 05:00:00+00:00,2610.057,2646.3335,2552.2,2576.981,0.037948621,3.0,2598.8496878977,188.7475375
MKR/USD,2024-07-02 05:00:00+00:00,2580.325,2581.205,2482.51,2487.6625,0.070684258,5.0,2551.0765441106,309.643565
MKR/USD,2024-07-03 05:00:00+00:00,2486.5,2497.215,2241.538,2306.2735,2.061,5.0,2354.6591800097,421.520265
MKR/USD,2024-07-04 05:00:00+00:00,2306.2415,2308.647,1987.45,2043.8275,0.054985,3.0,2159.4533054469,520.4573324999999
MKR/USD,2024-07-05 05:00:00+00:00,2044.0655,2261.85,2012.074,2234.051,0.024,1.0,2169.89,628.93342
MKR/USD,2024-07-06 05:00:00+00:00,2231.2,2355.45,2224.55,2299.7815,0.0,0.0,0.0,741.133135
MKR/USD,2024-07-07 05:00:00+00:00,2299.858,2324.211,2038.5,2094.925,0.107116824,5.0,2186.8477047281,842.98416
MKR/USD,2024-07-08 05:00:00+00:00,2095.525,2246.4095,2084.473,2238.86,0.065087237,12.0,2157.0358535613,951.965835
MKR/USD,2024-07-09 05:00:00+00:00,2239.0675,2307.8795,2231.7,2284.4665,0.005904081,2.0,2255.9041135276,1063.29716
MKR/USD,2024-07-10 05:00:00+00:00,2283.95,2319.85,2256.565,2270.516,0.045183586,4.0,2293.805830462,1173.8218925
MKR/USD,2024-07-11 05:00:00+00:00,2270.4,2411.8155,2243.99,2396.1915,0.026515115,2.0,2330.8776541003,1290.6113475
MKR/USD,2024-07-12 05:00:00+00:00,2396.1165,2583.7935,2376.712,2561.225,0.0,0.0,0.0,1415.5970125
MKR/USD,2024-07-13 05:00:00+00:00,2558.477,2777.455,2543.7375,2770.88,0.004414212,2.0,2678.6906239648,1551.1220125
MKR/USD,2024-07-14 05:00:00+00:00,2770.995,2869.255,2756.937,2846.1385,0.100687045,5.0,2790.7629177599,1690.3410875000002
MKR/USD,2024-07-15 05:00:00+00:00,2846.063,2965.465,2770.4,2932.6275,2.036150195,5.0,2874.6561333701,1833.7782124999999
MKR/USD,2024-07-16 05:00:00+00:00,2927.814,3097.29,2860.0645,3094.969,0.055729919,6.0,2985.725897294,1985.2854825000002
MKR/USD,2024-07-17 05:00:00+00:00,3095.693,3116.525,2818.8485,2883.6785,0.10439834,5.0,2980.3286590351,2126.1688824999997
MKR/USD,2024-07-18 05:00:00+00:00,2882.76,2922.4165,2748.2925,2811.288,0.019064788,2.0,2792.2981926261,2263.4163075
MKR/USD,2024-07-19 05:00:00+00:00,2808.46,2860.866,2714.36,2820.2135,0.017,1.0,2814.59,2401.0492325000005
MKR/USD,2024-07-20 05:00:00+00:00,2818.45,2849.846,2759.715,2814.46,0.039683389,3.0,2784.9336442685,2538.4508
MKR/USD,2024-07-21 05:00:00+00:00,2811.0235,2955.01,2717.5045,2893.109,0.044154763,8.0,2833.890046924,2554.2572
MKR/USD,2024-07-22 05:00:00+00:00,2893.845,2893.845,2684.1005,2701.03,0.079890377,14.0,2795.772071277,2564.925575
MKR/USD,2024-07-23 05:00:00+00:00,2698.2945,2855.49,2658.661,2778.308,0.086335909,5.0,2774.1034830142,2588.5273
MKR/USD,2024-07-24 05:00:00+00:00,2781.446,2831.86,2617.7855,2668.61,0.037212845,3.0,2707.1799171979,2619.7664250000003
MKR/USD,2024-07-25 05:00:00+00:00,2666.475,2739.75,2577.95,2739.75,1.192485908,55.0,2605.5465922278,2645.051375
MKR/USD,2024-07-26 05:00:00+00:00,2743.2795,2782.4915,2607.63,2625.129,2.034167548,15.0,2765.076893412,2661.31875
MKR/USD,2024-07-29 05:00:00+00:00,2760.09,2855.02,2689.87,2822.8225,4.114671236,16.0,2725.7309343748,2738.88255
MKR/USD,2024-07-30 05:00:00+00:00,2825.05,2856.3215,2737.215,2787.0925,0.018,1.0,2771.81,2764.711375
MKR/USD,2024-07-31 05:00:00+00:00,2787.87,2905.4685,2690.8295,2693.93,0.087526608,7.0,2815.6811007001,2779.5983
UNI/USD,2024-08-17 05:00:00+00:00,6.49855,6.52075,6.332895,6.362625,1500.325590872,5.0,6.3870104954,6.396909750000001
UNI/USD,2024-08-18 05:00:00+00:00,6.356245,6.442,6.13135,6.216,3016.926605159,63.0,6.2139669083,6.32570975
DOT/USD,2024-07-02 05:00:00+00:00,6.4447,6.595335,6.276245,6.34265,1105.119257381,9.0,6.3443607748,6.2453217500000004
DOT/USD,2024-07-03 05:00:00+00:00,6.3372,6.37225,5.762475,5.900895,763.916397863,13.0,6.0669261309,6.183204999999999
DOT/USD,2024-07-07 05:00:00+00:00,6.17882,6.3085,5.6967,6.0105,2308.333196841,10.0,6.0006142654,6.11305375
DOT/USD,2024-07-10 05:00:00+00:00,6.251515,6.2525,6.015725,6.0707,24.915728705,9.0,6.1205618023,6.12604825
DOT/USD,2024-07-13 05:00:00+00:00,6.1458,6.29997,6.1428,6.20805,52.385510699,9.0,6.2335869372,6.1235230000000005
DOT/USD,2024-07-14 05:00:00+00:00,6.20053,6.533905,6.17564,6.51163,18.3602852,6.0,6.3549306102,6.138843
DOT/USD,2024-07-15 05:00:00+00:00,6.51789,6.541,6.2998,6.4291,153.279699577,11.0,6.4327103397,6.1415630000000005
DOT/USD,2024-07-16 05:00:00+00:00,6.42762,6.5006,6.13045,6.5006,1613.095194521,10.0,6.3610423837,6.15169475
DOT/USD,2024-07-17 05:00:00+00:00,6.495885,6.53185,6.250588089,6.33724,399.962147132,10.0,6.4314996278,6.15035675
DOT/USD,2024-07-18 05:00:00+00:00,6.3375,6.543068047,5.9805,6.089,275.351947116,17.0,6.1368061669,6.129561750000001
DOT/USD,2024-07-20 05:00:00+00:00,6.364945,6.406,6.229115,6.321175,1362.1735,13.0,6.3245857416,6.134826
DOT/USD,2024-07-21 05:00:00+00:00,6.3222,6.4743,6.10715,6.349895,2258.050936645,33.0,6.3066961535,6.130139000000001
DOT/USD,2024-07-22 05:00:00+00:00,6.343225,6.3521,6.048745,6.058305,2063.186790565,18.0,6.2681440352,6.11592175
LINK/USD,2024-07-01 05:00:00+00:00,14.36915,14.56775,14.20175,14.4325,2531.497931406,14.0,14.3992208142,5.12116
LINK/USD,2024-07-02 05:00:00+00:00,14.45,14.73165,14.085,14.162,42.608928203,7.0,14.5493240025,5.56504075
LINK/USD,2024-07-03 05:00:00+00:00,14.1509,14.57515,13.0112406945,13.3537,110.342914942,8.0,14.2358072769,5.97046
LINK/USD,2024-07-04 05:00:00+00:00,13.3534,15.023345063,11.0962,11.51,4601.445843706,27.0,12.725566224,6.288843
LINK/USD,2024-07-05 05:00:00+00:00,11.525,14.5022532515,11.13765,12.26595,862.228582783,25.0,11.926450103,6.6505529999999995
LINK/USD,2024-07-06 05:00:00+00:00,12.2504,13.28555,12.235,12.88965,6.443644501,4.0,12.7260188768,7.096160500000001
LINK/USD,2024-07-07 05:00:00+00:00,12.891,12.9635,11.7822,12.5392,218.74869551,12.0,12.8430862272,7.504098000000001
LINK/USD,2024-07-08 05:00:00+00:00,12.5385,13.52,12.44,13.04,99.132375922,18.0,12.8307086471,7.9277405000000005
LINK/USD,2024-07-09 05:00:00+00:00,13.025,13.2515,12.6976,13.1396,122.953410433,10.0,12.8877071969,8.3488455
LINK/USD,2024-07-10 05:00:00+00:00,13.149,13.17175,12.55085,12.63465,102.696418206,11.0,12.8648245563,8.74145075
LINK/USD,2024-07-11 05:00:00+00:00,12.625,14.2789281895,12.23125,12.45865,129.117882612,9.0,12.6083102988,9.127085749999999
LINK/USD,2024-07-12 05:00:00+00:00,12.476,12.876,12.28845,12.7778,530.184208849,5.0,12.6511448039,9.52801575
LINK/USD,2024-07-13 05:00:00+00:00,12.76995,13.13755,12.75915,13.09115,128.2855476,9.0,13.0039056163,9.95612775
LINK/USD,2024-07-14 05:00:00+00:00,13.077,13.842,12.99255,13.6805,42.33159765,8.0,13.3659356873,10.413385
LINK/USD,2024-07-15 05:00:00+00:00,13.6875,14.509,13.65105,14.366,174.013208772,10.0,14.1389433158,10.905435
LINK/USD,2024-07-16 05:00:00+00:00,14.3509,14.6223,13.82,14.3625,97.68811034,13.0,14.2060497164,11.402944250000001
LINK/USD,2024-07-17 05:00:00+00:00,14.35965,14.484,13.73,13.77295,247.517995291,15.0,14.1028908654,11.87625975
LINK/USD,2024-07-18 05:00:00+00:00,13.78515,14.015788388,13.33935,13.57715,240.840043286,14.0,13.6043451133,12.340292250000001
LINK/USD,2024-07-19 05:00:00+00:00,13.56,14.1437,13.369,14.13115,159.518371117,9.0,14.0733391921,12.829099750000001
LINK/USD,2024-07-20 05:00:00+00:00,14.1347,14.3427,13.871802481,14.1716,49.134141972,3.0,14.0163097449,13.317834999999999
LINK/USD,2024-07-21 05:00:00+00:00,14.1879,15.0075,13.95015,14.5093,137.995966293,18.0,14.5564132027,13.321674999999999
LINK/USD,2024-07-22 05:00:00+00:00,14.4959,14.4959,13.804,13.897,320.194066678,20.0,14.0810069361,13.308425
LINK/USD,2024-07-23 05:00:00+00:00,13.88075,14.132,13.5005,13.82525,206.425453999,29.0,13.8916163281,13.332002500000002
LINK/USD,2024-07-24 05:00:00+00:00,13.8085,13.9526,12.8315,13.112,96.565442826,39.0,13.5725485842,13.4121025
LINK/USD,2024-07-27 05:00:00+00:00,13.6,13.8718,13.2625,13.389,431.273588951,5.0,13.4432109349,13.54501
LINK/USD,2024-07-29 05:00:00+00:00,13.77135,13.9,13.377,13.755,1067.758883514,13.0,13.8505985787,13.6117875
LINK/USD,2024-07-30 05:00:00+00:00,13.7578,13.764,12.98135,13.1815,15.466482183,6.0,13.54600233,13.63913
SHIB/USD,2024-07-20 05:00:00+00:00,1.793e-05,1.846e-05,1.7495e-05,1.7945e-05,0.0,0.0,0.0,1.698e-05
SHIB/USD,2024-07-21 05:00:00+00:00,1.7925e-05,1.849e-05,1.7035e-05,1.803e-05,27463556.609927792,22.0,1.79683e-05,1.70235e-05
SHIB/USD,2024-07-22 05:00:00+00:00,1.8025e-05,2.10395e-05,1.7277e-05,1.7365e-05,44148870.554049045,28.0,1.76641e-05,1.7049e-05
SHIB/USD,2024-07-23 05:00:00+00:00,1.7355e-05,1.7535e-05,1.671e-05,1.7015e-05,797821.809410434,2.0,1.7143e-05,1.7103999999999998e-05
SUSHI/USD,2024-07-01 05:00:00+00:00,0.85045,0.85237,0.82077,0.83111,0.0,0.0,0.0,0.0415686305
SUSHI/USD,2024-07-02 05:00:00+00:00,0.83085,0.8550795,0.814657,0.819856,30.025089234,1.0,0.8261,0.08256064775000001
SUSHI/USD,2024-07-03 05:00:00+00:00,0.81895,0.8305135,0.7536645,0.78208,22450.69186,7.0,0.7830722047,0.12166387199999999
SUSHI/USD,2024-07-04 05:00:00+00:00,0.782003,0.7830655,0.573135,0.6039865,22222.0,17.0,0.6607667039,0.151862465
SUSHI/USD,2024-07-05 05:00:00+00:00,0.604655,0.671505,0.58684,0.6487,0.0,0.0,0.0,0.18429676175
SUSHI/USD,2024-07-06 05:00:00+00:00,0.64862,0.704475,0.646055,0.674455,26.419034498,6.0,0.6629536664,0.21801890675000002
SUSHI/USD,2024-07-07 05:00:00+00:00,0.67536,0.6834975,0.609495,0.640868,11.97,2.0,0.6732773087,0.25006162125000003
SUSHI/USD,2024-07-08 05:00:00+00:00,0.641644,0.6822225,0.631825,0.666825,0.0,0.0,0.0,0.28340218475
SUSHI/USD,2024-07-09 05:00:00+00:00,0.6661405,0.7026615,0.66255,0.700059,0.0,0.0,0.0,0.31840447325000004
SUSHI/USD,2024-07-10 05:00:00+00:00,0.70015,0.705015,0.678356,0.691731,57226.91943,29.0,0.6887086993,0.35299032875
SUSHI/USD,2024-07-11 05:00:00+00:00,0.69167,0.71664,0.6592656,0.681,45521.228,24.0,0.6833928841,0.38703963150000004
SUSHI/USD,2024-07-12 05:00:00+00:00,0.68131,0.698481,0.667013,0.69403,0.0,0.0,0.0,0.4217404145
SUSHI/USD,2024-07-13 05:00:00+00:00,0.6940525,0.702095,0.67313,0.698655,40.0,1.0,0.68068,0.45667249000000004
SUSHI/USD,2024-07-14 05:00:00+00:00,0.697708,0.74089,0.6945,0.733975,39.9,1.0,0.7,0.49337055375
SUSHI/USD,2024-07-15 05:00:00+00:00,0.7341,0.763197,0.7131,0.751547,0.0,0.0,0.0,0.53094721275
SUSHI/USD,2024-07-16 05:00:00+00:00,0.7515045,0.754656,0.70862,0.751625,0.0,0.0,0.0,0.5685277815
SUSHI/USD,2024-07-17 05:00:00+00:00,0.75145,0.7536315,0.71776,0.738998,11.97,1.0,0.7203,0.605477012
SUSHI/USD,2024-07-18 05:00:00+00:00,0.738975,0.7517,0.695333,0.712982,802.995,6.0,0.7366067138,0.64112544825
SUSHI/USD,2024-07-19 05:00:00+00:00,0.71165,0.75078,0.7028935,0.74855,0.0,0.0,0.0,0.6785522835000001
SUSHI/USD,2024-07-20 05:00:00+00:00,0.7484865,0.756114,0.736805,0.742,1587.0,2.0,0.7465,0.715651625
SUSHI/USD,2024-07-21 05:00:00+00:00,0.74114,0.76265,0.704294,0.7494865,1643.574256356,11.0,0.7384548764,0.71157045
SUSHI/USD,2024-07-22 05:00:00+00:00,0.74837,0.74961,0.716401,0.718678,0.0,0.0,0.0,0.70651155
SUSHI/USD,2024-07-23 05:00:00+00:00,0.717444,0.73466,0.687545,0.6970965,199.638487689,15.0,0.7008689732,0.702262375
SUSHI/USD,2024-07-29 05:00:00+00:00,0.72207,0.7326005,0.6921,0.707111,626.978889402,19.0,0.7064234033,0.716288425
USDC/USD,2024-07-01 05:00:00+00:00,0.999715,1.00005,0.998747,0.99954,51.000000029,3.0,0.9987501961,0.598712975
USDC/USD,2024-07-02 05:00:00+00:00,0.9997335,1.000175,0.998845,0.99995,0.0,0.0,0.0,0.616347925
USDC/USD,2024-07-03 05:00:00+00:00,0.99966,1.001,0.9965195,1.0,20465.782216434,9.0,0.9992158641,0.634245175
USDC/USD,2024-07-04 05:00:00+00:00,1.000036,1.00025,0.99906,0.99995,84.227011,1.0,0.99906,0.6538394750000001
USDC/USD,2024-07-05 05:00:00+00:00,1.000175,1.0003,0.9991,0.999915,12.655479399,1.0,0.9991,0.6739295999999999
USDC/USD,2024-07-06 05:00:00+00:00,0.99992,1.000125,0.999275,0.99945,0.0,0.0,0.0,0.69917685
USDC/USD,2024-07-07 05:00:00+00:00,0.99932,0.9996,0.99925,0.99935,0.0,0.0,0.0,0.7225215
USDC/USD,2024-07-08 05:00:00+00:00,0.9994765,0.9996245,0.9992,0.99935,0.0,0.0,0.0,0.7452485
USDC/USD,2024-07-09 05:00:00+00:00,0.9993165,0.99962,0.99925,0.999485,0.0,0.0,0.0,0.7678305
USDC/USD,2024-07-10 05:00:00+00:00,0.9994525,0.9996175,0.9992805,0.9995245,0.0,0.0,0.0,0.7889071
USDC/USD,2024-07-11 05:00:00+00:00,0.9993225,0.999605,0.99924,0.99945,0.0,0.0,0.0,0.809979875
USDC/USD,2024-07-12 05:00:00+00:00,0.9993645,1.0002,0.9992,0.9998735,0.0,0.0,0.0,0.82982
USDC/USD,2024-07-13 05:00:00+00:00,0.999905,1.000155,0.9995425,0.9996645,0.0,0.0,0.0,0.8508135750000001
USDC/USD,2024-07-14 05:00:00+00:00,0.999918,1.00058,0.9992,0.99943,0.979823859,1.0,1.00058,0.8713084249999999
USDC/USD,2024-07-15 05:00:00+00:00,0.999255,0.9999,0.9992,0.9995,347253.409,2.0,0.9999,0.8915090249999998
USDC/USD,2024-07-16 05:00:00+00:00,0.999292,1.0007,0.99855,0.999945,10.977658293,3.0,1.0005085583,0.911991775
USDC/USD,2024-07-17 05:00:00+00:00,0.99995,1.000195,0.99954,0.999829,0.0,0.0,0.0,0.9335944250000001
USDC/USD,2024-07-18 05:00:00+00:00,1.0001,1.0003,0.99965,0.999897,0.0,0.0,0.0,0.9555669250000001
USDC/USD,2024-07-19 05:00:00+00:00,0.99986,1.0003,0.9997,1.00005,0.0,0.0,0.0,0.977575425
USDC/USD,2024-07-20 05:00:00+00:00,1.000015,1.0003,0.9997015,0.999975,0.0,0.0,0.0,0.999706425
USDC/USD,2024-07-21 05:00:00+00:00,1.00005,1.00116,0.9997,1.00003,19.589136123,4.0,1.0009549688,0.999730925
USDC/USD,2024-07-22 05:00:00+00:00,1.000065,1.001,0.999705,1.0001,9.795595532,2.0,1.0008499775,0.999738425
USDC/USD,2024-07-23 05:00:00+00:00,0.9998005,1.00122,0.998824,1.000077,41.063909971,7.0,0.9994544036,0.999742275
USDC/USD,2024-07-24 05:00:00+00:00,0.999951,1.0013,0.9992,1.0000885,54.765819892,12.0,0.9998874739,0.9997491999999999
USDC/USD,2024-07-25 05:00:00+00:00,0.99995,1.0011,0.999,1.000103,113.794303647,6.0,0.9991705905,0.9997586
USDC/USD,2024-07-26 05:00:00+00:00,0.999995,1.0011,0.99902,1.0005,1014.712267774,9.0,0.9990580802,0.9998111
USDC/USD,2024-07-27 05:00:00+00:00,1.000415,1.00111,1.0,1.0005,1260.361893426,8.0,1.0000165983,0.9998685999999999
USDC/USD,2024-07-28 05:00:00+00:00,1.00035,1.00065,1.0,1.00048,5.686232299,1.0,1.0,0.9999250999999999
USDC/USD,2024-07-29 05:00:00+00:00,1.00055,1.0013,1.00035,1.000505,343.886449147,4.0,1.0011722003,0.9999760999999999
USDC/USD,2024-07-30 05:00:00+00:00,1.0005,1.00127,1.0,1.0004,35.207029908,6.0,1.0004189387,1.000019875
USDC/USD,2024-07-31 05:00:00+00:00,1.0005,1.00129,1.0,1.0005,103.890411937,7.0,1.0001489426,1.000072375
USDC/USD,2024-08-01 05:00:00+00:00,1.00055,1.00065,1.0,1.00044,280.2975,1.0,1.0,1.0001007000000002
USDC/USD,2024-08-02 05:00:00+00:00,1.0004,1.00065,0.999207,1.00014,10500010.0,54.0,0.9997000101,1.000124475
USDC/USD,2024-08-18 05:00:00+00:00,1.000135,1.001,0.9991,1.0000985,23.163503162,2.0,1.000051189,1.0001010000000001
